<?xml version="1.0" encoding="UTF-8"?>
<project-private xmlns="http://www.netbeans.org/ns/project-private/1">
    <editor-bookmarks xmlns="http://www.netbeans.org/ns/editor-bookmarks/2" lastBookmarkId="0"/>
    <open-files xmlns="http://www.netbeans.org/ns/projectui-open-files/2">
        <group>
            <file>file:/C:/Users/nimishnalan/Google%20Drive/BidPortal/All%20new%20bidportal/AdminLTE-2.1.1/AdminLTE-2.1.1/contact.html</file>
            <file>file:/C:/Users/nimishnalan/Google%20Drive/BidPortal/All%20new%20bidportal/AdminLTE-2.1.1/AdminLTE-2.1.1/pages/examples/lockscreen.html</file>
            <file>file:/C:/Users/nimishnalan/Google%20Drive/BidPortal/All%20new%20bidportal/AdminLTE-2.1.1/AdminLTE-2.1.1/dist/css/skins/skin-purple-light.min.css</file>
        </group>
    </open-files>
</project-private>
